system,run,iter,err_standard,err_en
pb2,1,1,1.1784412890847307e-05,3.601599019020796e-10
pb2,1,2,5.186338967178017e-07,3.601599019020796e-10
pb2,1,3,4.1382008930668235e-10,3.601599019020796e-10
pb2,1,4,4.1382008930668235e-10,3.601599019020796e-10
pb2,1,5,4.1382008930668235e-10,3.601599019020796e-10
pb2,1,6,4.1382008930668235e-10,3.601599019020796e-10
pb2,1,7,4.1382008930668235e-10,3.601599019020796e-10
pb2,1,8,4.1382008930668235e-10,3.601599019020796e-10
pb2,1,9,4.1382008930668235e-10,3.601599019020796e-10
pb2,1,10,4.1382008930668235e-10,3.601599019020796e-10
pb2,1,11,4.1382008930668235e-10,3.601599019020796e-10
pb2,1,12,4.1382008930668235e-10,3.601599019020796e-10
pb2,1,13,4.1382008930668235e-10,3.601599019020796e-10
pb2,1,14,4.1382008930668235e-10,3.601599019020796e-10
pb2,1,15,4.1382008930668235e-10,3.601599019020796e-10
pb2,1,16,4.1382008930668235e-10,3.601599019020796e-10
pb2,1,17,4.1382008930668235e-10,3.601599019020796e-10
pb2,1,18,4.1382008930668235e-10,3.601599019020796e-10
pb2,1,19,4.1382008930668235e-10,3.601599019020796e-10
pb2,1,20,4.1382008930668235e-10,3.601599019020796e-10
pb2,2,1,1.6241997400356922e-05,0.0007177578891059966
pb2,2,2,5.376005901780445e-06,3.601599019020796e-10
pb2,2,3,4.1382008930668235e-10,3.601599019020796e-10
pb2,2,4,4.1382008930668235e-10,3.601599019020796e-10
pb2,2,5,4.1382008930668235e-10,3.601599019020796e-10
pb2,2,6,4.1382008930668235e-10,3.601599019020796e-10
pb2,2,7,4.1382008930668235e-10,3.601599019020796e-10
pb2,2,8,4.1382008930668235e-10,3.601599019020796e-10
pb2,2,9,4.1382008930668235e-10,3.601599019020796e-10
pb2,2,10,4.1382008930668235e-10,3.601599019020796e-10
pb2,2,11,4.1382008930668235e-10,3.601599019020796e-10
pb2,2,12,4.1382008930668235e-10,3.601599019020796e-10
pb2,2,13,4.1382008930668235e-10,3.601599019020796e-10
pb2,2,14,4.1382008930668235e-10,3.601599019020796e-10
pb2,2,15,4.1382008930668235e-10,3.601599019020796e-10
pb2,2,16,4.1382008930668235e-10,3.601599019020796e-10
pb2,2,17,4.1382008930668235e-10,3.601599019020796e-10
pb2,2,18,4.1382008930668235e-10,3.601599019020796e-10
pb2,2,19,4.1382008930668235e-10,3.601599019020796e-10
pb2,2,20,4.1382008930668235e-10,3.601599019020796e-10
pb2,3,1,1.400289147568401e-05,3.601599019020796e-10
pb2,3,2,2.5004092094604857e-06,3.601599019020796e-10
pb2,3,3,4.1382008930668235e-10,3.601599019020796e-10
pb2,3,4,4.1382008930668235e-10,3.601599019020796e-10
pb2,3,5,4.1382008930668235e-10,3.601599019020796e-10
pb2,3,6,4.1382008930668235e-10,3.601599019020796e-10
pb2,3,7,4.1382008930668235e-10,3.601599019020796e-10
pb2,3,8,4.1382008930668235e-10,3.601599019020796e-10
pb2,3,9,4.1382008930668235e-10,3.601599019020796e-10
pb2,3,10,4.1382008930668235e-10,3.601599019020796e-10
pb2,3,11,4.1382008930668235e-10,3.601599019020796e-10
pb2,3,12,4.1382008930668235e-10,3.601599019020796e-10
pb2,3,13,4.1382008930668235e-10,3.601599019020796e-10
pb2,3,14,4.1382008930668235e-10,3.601599019020796e-10
pb2,3,15,4.1382008930668235e-10,3.601599019020796e-10
pb2,3,16,4.1382008930668235e-10,3.601599019020796e-10
pb2,3,17,4.1382008930668235e-10,3.601599019020796e-10
pb2,3,18,4.1382008930668235e-10,3.601599019020796e-10
pb2,3,19,4.1382008930668235e-10,3.601599019020796e-10
pb2,3,20,4.1382008930668235e-10,3.601599019020796e-10
pb2,4,1,2.449388375680428e-06,3.601599019020796e-10
pb2,4,2,4.886078386334702e-07,3.601599019020796e-10
pb2,4,3,4.886078386334702e-07,3.601599019020796e-10
pb2,4,4,4.886078386334702e-07,3.601599019020796e-10
pb2,4,5,4.886078386334702e-07,3.601599019020796e-10
pb2,4,6,4.886078386334702e-07,3.601599019020796e-10
pb2,4,7,4.886078386334702e-07,3.601599019020796e-10
pb2,4,8,4.886078386334702e-07,3.601599019020796e-10
pb2,4,9,4.886078386334702e-07,3.601599019020796e-10
pb2,4,10,4.886078386334702e-07,3.601599019020796e-10
pb2,4,11,4.886078386334702e-07,3.601599019020796e-10
pb2,4,12,4.886078386334702e-07,3.601599019020796e-10
pb2,4,13,4.886078386334702e-07,3.601599019020796e-10
pb2,4,14,4.886078386334702e-07,3.601599019020796e-10
pb2,4,15,4.886078386334702e-07,3.601599019020796e-10
pb2,4,16,4.886078386334702e-07,3.601599019020796e-10
pb2,4,17,4.886078386334702e-07,3.601599019020796e-10
pb2,4,18,4.886078386334702e-07,3.601599019020796e-10
pb2,4,19,4.886078386334702e-07,3.601599019020796e-10
pb2,4,20,4.886078386334702e-07,3.601599019020796e-10
pb2,5,1,0.00012026420063193655,0.0007177578891059966
pb2,5,2,9.068317012861371e-07,3.601599019020796e-10
pb2,5,3,4.1382008930668235e-10,3.601599019020796e-10
pb2,5,4,4.1382008930668235e-10,3.601599019020796e-10
pb2,5,5,4.1382008930668235e-10,3.601599019020796e-10
pb2,5,6,4.1382008930668235e-10,3.601599019020796e-10
pb2,5,7,4.1382008930668235e-10,3.601599019020796e-10
pb2,5,8,4.1382008930668235e-10,3.601599019020796e-10
pb2,5,9,4.1382008930668235e-10,3.601599019020796e-10
pb2,5,10,4.1382008930668235e-10,3.601599019020796e-10
pb2,5,11,4.1382008930668235e-10,3.601599019020796e-10
pb2,5,12,4.1382008930668235e-10,3.601599019020796e-10
pb2,5,13,4.1382008930668235e-10,3.601599019020796e-10
pb2,5,14,4.1382008930668235e-10,3.601599019020796e-10
pb2,5,15,4.1382008930668235e-10,3.601599019020796e-10
pb2,5,16,4.1382008930668235e-10,3.601599019020796e-10
pb2,5,17,4.1382008930668235e-10,3.601599019020796e-10
pb2,5,18,4.1382008930668235e-10,3.601599019020796e-10
pb2,5,19,4.1382008930668235e-10,3.601599019020796e-10
pb2,5,20,4.1382008930668235e-10,3.601599019020796e-10
pb2,6,1,1.6860438336152583e-05,0.001455414317206305
pb2,6,2,4.1382008930668235e-10,3.601599019020796e-10
pb2,6,3,4.1382008930668235e-10,3.601599019020796e-10
pb2,6,4,4.1382008930668235e-10,3.601599019020796e-10
pb2,6,5,4.1382008930668235e-10,3.601599019020796e-10
pb2,6,6,4.1382008930668235e-10,3.601599019020796e-10
pb2,6,7,4.1382008930668235e-10,3.601599019020796e-10
pb2,6,8,4.1382008930668235e-10,3.601599019020796e-10
pb2,6,9,4.1382008930668235e-10,3.601599019020796e-10
pb2,6,10,4.1382008930668235e-10,3.601599019020796e-10
pb2,6,11,4.1382008930668235e-10,3.601599019020796e-10
pb2,6,12,4.1382008930668235e-10,3.601599019020796e-10
pb2,6,13,4.1382008930668235e-10,3.601599019020796e-10
pb2,6,14,4.1382008930668235e-10,3.601599019020796e-10
pb2,6,15,4.1382008930668235e-10,3.601599019020796e-10
pb2,6,16,4.1382008930668235e-10,3.601599019020796e-10
pb2,6,17,4.1382008930668235e-10,3.601599019020796e-10
pb2,6,18,4.1382008930668235e-10,3.601599019020796e-10
pb2,6,19,4.1382008930668235e-10,3.601599019020796e-10
pb2,6,20,4.1382008930668235e-10,3.601599019020796e-10
pb2,7,1,6.527566256409045e-06,3.601599019020796e-10
pb2,7,2,2.4546925487811677e-06,3.601599019020796e-10
pb2,7,3,4.1382008930668235e-10,3.601599019020796e-10
pb2,7,4,4.1382008930668235e-10,3.601599019020796e-10
pb2,7,5,4.1382008930668235e-10,3.601599019020796e-10
pb2,7,6,4.1382008930668235e-10,3.601599019020796e-10
pb2,7,7,4.1382008930668235e-10,3.601599019020796e-10
pb2,7,8,4.1382008930668235e-10,3.601599019020796e-10
pb2,7,9,4.1382008930668235e-10,3.601599019020796e-10
pb2,7,10,4.1382008930668235e-10,3.601599019020796e-10
pb2,7,11,4.1382008930668235e-10,3.601599019020796e-10
pb2,7,12,4.1382008930668235e-10,3.601599019020796e-10
pb2,7,13,4.1382008930668235e-10,3.601599019020796e-10
pb2,7,14,4.1382008930668235e-10,3.601599019020796e-10
pb2,7,15,4.1382008930668235e-10,3.601599019020796e-10
pb2,7,16,4.1382008930668235e-10,3.601599019020796e-10
pb2,7,17,4.1382008930668235e-10,3.601599019020796e-10
pb2,7,18,4.1382008930668235e-10,3.601599019020796e-10
pb2,7,19,4.1382008930668235e-10,3.601599019020796e-10
pb2,7,20,4.1382008930668235e-10,3.601599019020796e-10
pb2,8,1,8.97403879207559e-06,3.601599019020796e-10
pb2,8,2,4.886078386334702e-07,3.601599019020796e-10
pb2,8,3,4.1382008930668235e-10,3.601599019020796e-10
pb2,8,4,4.1382008930668235e-10,3.601599019020796e-10
pb2,8,5,4.1382008930668235e-10,3.601599019020796e-10
pb2,8,6,4.1382008930668235e-10,3.601599019020796e-10
pb2,8,7,4.1382008930668235e-10,3.601599019020796e-10
pb2,8,8,4.1382008930668235e-10,3.601599019020796e-10
pb2,8,9,4.1382008930668235e-10,3.601599019020796e-10
pb2,8,10,4.1382008930668235e-10,3.601599019020796e-10
pb2,8,11,4.1382008930668235e-10,3.601599019020796e-10
pb2,8,12,4.1382008930668235e-10,3.601599019020796e-10
pb2,8,13,4.1382008930668235e-10,3.601599019020796e-10
pb2,8,14,4.1382008930668235e-10,3.601599019020796e-10
pb2,8,15,4.1382008930668235e-10,3.601599019020796e-10
pb2,8,16,4.1382008930668235e-10,3.601599019020796e-10
pb2,8,17,4.1382008930668235e-10,3.601599019020796e-10
pb2,8,18,4.1382008930668235e-10,3.601599019020796e-10
pb2,8,19,4.1382008930668235e-10,3.601599019020796e-10
pb2,8,20,4.1382008930668235e-10,3.601599019020796e-10
pb2,9,1,1.5640683159290347e-05,0.0007177578891059966
pb2,9,2,8.792158951109741e-06,3.601599019020796e-10
pb2,9,3,4.1382008930668235e-10,3.601599019020796e-10
pb2,9,4,4.1382008930668235e-10,3.601599019020796e-10
pb2,9,5,4.1382008930668235e-10,3.601599019020796e-10
pb2,9,6,4.1382008930668235e-10,3.601599019020796e-10
pb2,9,7,4.1382008930668235e-10,3.601599019020796e-10
pb2,9,8,4.1382008930668235e-10,3.601599019020796e-10
pb2,9,9,4.1382008930668235e-10,3.601599019020796e-10
pb2,9,10,4.1382008930668235e-10,3.601599019020796e-10
pb2,9,11,4.1382008930668235e-10,3.601599019020796e-10
pb2,9,12,4.1382008930668235e-10,3.601599019020796e-10
pb2,9,13,4.1382008930668235e-10,3.601599019020796e-10
pb2,9,14,4.1382008930668235e-10,3.601599019020796e-10
pb2,9,15,4.1382008930668235e-10,3.601599019020796e-10
pb2,9,16,4.1382008930668235e-10,3.601599019020796e-10
pb2,9,17,4.1382008930668235e-10,3.601599019020796e-10
pb2,9,18,4.1382008930668235e-10,3.601599019020796e-10
pb2,9,19,4.1382008930668235e-10,3.601599019020796e-10
pb2,9,20,4.1382008930668235e-10,3.601599019020796e-10
pb2,10,1,1.0939020285150036e-05,3.601599019020796e-10
pb2,10,2,4.1382008930668235e-10,3.601599019020796e-10
pb2,10,3,4.1382008930668235e-10,3.601599019020796e-10
pb2,10,4,4.1382008930668235e-10,3.601599019020796e-10
pb2,10,5,4.1382008930668235e-10,3.601599019020796e-10
pb2,10,6,4.1382008930668235e-10,3.601599019020796e-10
pb2,10,7,4.1382008930668235e-10,3.601599019020796e-10
pb2,10,8,4.1382008930668235e-10,3.601599019020796e-10
pb2,10,9,4.1382008930668235e-10,3.601599019020796e-10
pb2,10,10,4.1382008930668235e-10,3.601599019020796e-10
pb2,10,11,4.1382008930668235e-10,3.601599019020796e-10
pb2,10,12,4.1382008930668235e-10,3.601599019020796e-10
pb2,10,13,4.1382008930668235e-10,3.601599019020796e-10
pb2,10,14,4.1382008930668235e-10,3.601599019020796e-10
pb2,10,15,4.1382008930668235e-10,3.601599019020796e-10
pb2,10,16,4.1382008930668235e-10,3.601599019020796e-10
pb2,10,17,4.1382008930668235e-10,3.601599019020796e-10
pb2,10,18,4.1382008930668235e-10,3.601599019020796e-10
pb2,10,19,4.1382008930668235e-10,3.601599019020796e-10
pb2,10,20,4.1382008930668235e-10,3.601599019020796e-10
pb3,1,1,0.0019149259123878437,0.8733092047077662
pb3,1,2,0.0003048100061278092,0.0027898690013898886
pb3,1,3,0.00014717406611453043,2.312904871359933e-05
pb3,1,4,0.00011126195659016958,5.250649337540381e-07
pb3,1,5,6.811226103309309e-05,5.250649337540381e-07
pb3,1,6,5.313502242643153e-05,5.250649337540381e-07
pb3,1,7,3.742702028830536e-05,5.250649337540381e-07
pb3,1,8,3.301614378869999e-05,5.250649337540381e-07
pb3,1,9,3.301614378869999e-05,5.250649337540381e-07
pb3,1,10,3.301614378869999e-05,5.250649337540381e-07
pb3,1,11,3.301614378869999e-05,5.250649337540381e-07
pb3,1,12,3.301614378869999e-05,5.250649337540381e-07
pb3,1,13,3.301614378869999e-05,5.250649337540381e-07
pb3,1,14,3.301614378869999e-05,5.250649337540381e-07
pb3,1,15,3.301614378869999e-05,5.250649337540381e-07
pb3,1,16,3.301614378869999e-05,5.250649337540381e-07
pb3,1,17,3.301614378869999e-05,5.250649337540381e-07
pb3,1,18,3.301614378869999e-05,5.250649337540381e-07
pb3,1,19,3.301614378869999e-05,5.250649337540381e-07
pb3,1,20,3.301614378869999e-05,5.250649337540381e-07
pb3,2,1,0.002757029910753772,0.6171712527548152
pb3,2,2,0.0004067882646268117,0.004325913489992672
pb3,2,3,0.00011045509108953411,2.3380011043627746e-05
pb3,2,4,9.70854371189489e-05,7.694998203078285e-07
pb3,2,5,6.487574864877388e-05,7.694998203078285e-07
pb3,2,6,3.952179667976452e-05,7.694998203078285e-07
pb3,2,7,3.214052048861049e-05,7.694998203078285e-07
pb3,2,8,3.214052048861049e-05,7.694998203078285e-07
pb3,2,9,3.214052048861049e-05,7.694998203078285e-07
pb3,2,10,3.214052048861049e-05,7.694998203078285e-07
pb3,2,11,3.214052048861049e-05,7.694998203078285e-07
pb3,2,12,3.214052048861049e-05,7.694998203078285e-07
pb3,2,13,3.214052048861049e-05,7.694998203078285e-07
pb3,2,14,3.214052048861049e-05,7.694998203078285e-07
pb3,2,15,3.214052048861049e-05,7.694998203078285e-07
pb3,2,16,3.214052048861049e-05,7.694998203078285e-07
pb3,2,17,3.214052048861049e-05,7.694998203078285e-07
pb3,2,18,3.214052048861049e-05,7.694998203078285e-07
pb3,2,19,3.214052048861049e-05,7.694998203078285e-07
pb3,2,20,3.214052048861049e-05,7.694998203078285e-07
pb3,3,1,0.0022820238446001895,0.6666355265488164
pb3,3,2,0.00151952416763379,0.0042802168918569805
pb3,3,3,0.0005203115115364199,5.8392710343468934e-05
pb3,3,4,0.00011427954632381443,6.429972927435301e-07
pb3,3,5,0.00010174760791414883,6.429972927435301e-07
pb3,3,6,6.131772261142032e-05,6.429972927435301e-07
pb3,3,7,4.378802714199992e-05,6.429972927435301e-07
pb3,3,8,4.1183456232829485e-05,6.429972927435301e-07
pb3,3,9,2.8853101866843645e-05,6.429972927435301e-07
pb3,3,10,2.8853101866843645e-05,6.429972927435301e-07
pb3,3,11,2.8853101866843645e-05,6.429972927435301e-07
pb3,3,12,2.8853101866843645e-05,6.429972927435301e-07
pb3,3,13,2.8853101866843645e-05,6.429972927435301e-07
pb3,3,14,2.8853101866843645e-05,6.429972927435301e-07
pb3,3,15,2.8853101866843645e-05,6.429972927435301e-07
pb3,3,16,2.8853101866843645e-05,6.429972927435301e-07
pb3,3,17,2.8853101866843645e-05,6.429972927435301e-07
pb3,3,18,2.8853101866843645e-05,6.429972927435301e-07
pb3,3,19,2.8853101866843645e-05,6.429972927435301e-07
pb3,3,20,2.8853101866843645e-05,6.429972927435301e-07
pb3,4,1,0.0026862496670219116,0.7574462709408181
pb3,4,2,0.000146852144098375,0.002784282931315829
pb3,4,3,0.00010305206888006069,5.7455128626315854e-05
pb3,4,4,9.726593088998925e-05,8.31091711006593e-07
pb3,4,5,5.1936884119641036e-05,8.31091711006593e-07
pb3,4,6,4.965043808624614e-05,8.31091711006593e-07
pb3,4,7,3.893810207955539e-05,8.31091711006593e-07
pb3,4,8,3.192685380781768e-05,8.31091711006593e-07
pb3,4,9,3.192685380781768e-05,8.31091711006593e-07
pb3,4,10,3.192685380781768e-05,8.31091711006593e-07
pb3,4,11,3.192685380781768e-05,8.31091711006593e-07
pb3,4,12,3.192685380781768e-05,8.31091711006593e-07
pb3,4,13,3.192685380781768e-05,8.31091711006593e-07
pb3,4,14,3.192685380781768e-05,8.31091711006593e-07
pb3,4,15,3.192685380781768e-05,8.31091711006593e-07
pb3,4,16,3.192685380781768e-05,8.31091711006593e-07
pb3,4,17,3.192685380781768e-05,8.31091711006593e-07
pb3,4,18,3.192685380781768e-05,8.31091711006593e-07
pb3,4,19,3.192685380781768e-05,8.31091711006593e-07
pb3,4,20,3.192685380781768e-05,8.31091711006593e-07
pb3,5,1,0.002714198179091909,0.6528231977545147
pb3,5,2,0.0009990811331590521,0.0026925642268906813
pb3,5,3,0.00014093380832491675,1.4092646779317874e-05
pb3,5,4,0.00010827551614056574,8.156557669281028e-07
pb3,5,5,8.700890975887887e-05,8.156557669281028e-07
pb3,5,6,7.709197234362364e-05,8.156557669281028e-07
pb3,5,7,6.297921117948135e-05,8.156557669281028e-07
pb3,5,8,4.9654893700790126e-05,8.156557669281028e-07
pb3,5,9,3.566107716324041e-05,8.156557669281028e-07
pb3,5,10,2.6727065232989844e-05,8.156557669281028e-07
pb3,5,11,2.6727065232989844e-05,8.156557669281028e-07
pb3,5,12,2.6727065232989844e-05,8.156557669281028e-07
pb3,5,13,2.6727065232989844e-05,8.156557669281028e-07
pb3,5,14,2.6727065232989844e-05,8.156557669281028e-07
pb3,5,15,2.6727065232989844e-05,8.156557669281028e-07
pb3,5,16,2.6727065232989844e-05,8.156557669281028e-07
pb3,5,17,2.6727065232989844e-05,8.156557669281028e-07
pb3,5,18,2.6727065232989844e-05,8.156557669281028e-07
pb3,5,19,2.6727065232989844e-05,8.156557669281028e-07
pb3,5,20,2.6727065232989844e-05,8.156557669281028e-07
pb3,6,1,0.002295291745213035,0.5657560712088525
pb3,6,2,0.00019244565919507295,0.002097050505653897
pb3,6,3,0.00011517176244524308,5.665449862135574e-05
pb3,6,4,9.245098681276431e-05,7.03225850884337e-07
pb3,6,5,6.0526534070959315e-05,7.03225850884337e-07
pb3,6,6,4.987993452232331e-05,7.03225850884337e-07
pb3,6,7,4.20301030317205e-05,7.03225850884337e-07
pb3,6,8,4.20301030317205e-05,7.03225850884337e-07
pb3,6,9,4.20301030317205e-05,7.03225850884337e-07
pb3,6,10,4.20301030317205e-05,7.03225850884337e-07
pb3,6,11,4.20301030317205e-05,7.03225850884337e-07
pb3,6,12,4.20301030317205e-05,7.03225850884337e-07
pb3,6,13,4.20301030317205e-05,7.03225850884337e-07
pb3,6,14,4.20301030317205e-05,7.03225850884337e-07
pb3,6,15,4.20301030317205e-05,7.03225850884337e-07
pb3,6,16,4.20301030317205e-05,7.03225850884337e-07
pb3,6,17,4.20301030317205e-05,7.03225850884337e-07
pb3,6,18,4.20301030317205e-05,7.03225850884337e-07
pb3,6,19,4.20301030317205e-05,7.03225850884337e-07
pb3,6,20,4.20301030317205e-05,7.03225850884337e-07
pb3,7,1,0.0023024593119771453,0.6363699246512624
pb3,7,2,0.0003018491033799364,0.004476048355172679
pb3,7,3,0.0001509041076133144,5.5668810091447085e-05
pb3,7,4,0.00011045497922168579,6.214149834704585e-07
pb3,7,5,8.602434627391631e-05,6.214149834704585e-07
pb3,7,6,6.865397335786838e-05,6.214149834704585e-07
pb3,7,7,5.701134887203807e-05,6.214149834704585e-07
pb3,7,8,4.964361141901463e-05,6.214149834704585e-07
pb3,7,9,4.3518931306607556e-05,6.214149834704585e-07
pb3,7,10,4.3518931306607556e-05,6.214149834704585e-07
pb3,7,11,4.3518931306607556e-05,6.214149834704585e-07
pb3,7,12,4.3518931306607556e-05,6.214149834704585e-07
pb3,7,13,4.3518931306607556e-05,6.214149834704585e-07
pb3,7,14,4.3518931306607556e-05,6.214149834704585e-07
pb3,7,15,4.3518931306607556e-05,6.214149834704585e-07
pb3,7,16,4.3518931306607556e-05,6.214149834704585e-07
pb3,7,17,4.3518931306607556e-05,6.214149834704585e-07
pb3,7,18,4.3518931306607556e-05,6.214149834704585e-07
pb3,7,19,4.3518931306607556e-05,6.214149834704585e-07
pb3,7,20,4.3518931306607556e-05,6.214149834704585e-07
pb3,8,1,0.0030450755530182505,0.6150096505989495
pb3,8,2,0.00019141417578794062,0.0022988873497524764
pb3,8,3,0.00013230151398602175,9.339917596662417e-06
pb3,8,4,9.215950922225602e-05,7.528960850322619e-07
pb3,8,5,4.786276531376643e-05,7.528960850322619e-07
pb3,8,6,4.422055462782737e-05,7.528960850322619e-07
pb3,8,7,3.5650273275678046e-05,7.528960850322619e-07
pb3,8,8,3.5650273275678046e-05,7.528960850322619e-07
pb3,8,9,3.5650273275678046e-05,7.528960850322619e-07
pb3,8,10,3.5650273275678046e-05,7.528960850322619e-07
pb3,8,11,3.5650273275678046e-05,7.528960850322619e-07
pb3,8,12,3.5650273275678046e-05,7.528960850322619e-07
pb3,8,13,3.5650273275678046e-05,7.528960850322619e-07
pb3,8,14,3.5650273275678046e-05,7.528960850322619e-07
pb3,8,15,3.5650273275678046e-05,7.528960850322619e-07
pb3,8,16,3.5650273275678046e-05,7.528960850322619e-07
pb3,8,17,3.5650273275678046e-05,7.528960850322619e-07
pb3,8,18,3.5650273275678046e-05,7.528960850322619e-07
pb3,8,19,3.5650273275678046e-05,7.528960850322619e-07
pb3,8,20,3.5650273275678046e-05,7.528960850322619e-07
pb3,9,1,0.002223182519628608,0.5355319365316973
pb3,9,2,0.00019417085968598258,0.001756103436491685
pb3,9,3,0.00014577492947864812,4.537507538771024e-05
pb3,9,4,8.65161955516669e-05,8.174283721018583e-07
pb3,9,5,7.127179651433835e-05,8.174283721018583e-07
pb3,9,6,4.031150365335634e-05,8.174283721018583e-07
pb3,9,7,3.718822881637607e-05,8.174283721018583e-07
pb3,9,8,2.6866500775213353e-05,8.174283721018583e-07
pb3,9,9,2.6866500775213353e-05,8.174283721018583e-07
pb3,9,10,2.6866500775213353e-05,8.174283721018583e-07
pb3,9,11,2.6866500775213353e-05,8.174283721018583e-07
pb3,9,12,2.6866500775213353e-05,8.174283721018583e-07
pb3,9,13,2.6866500775213353e-05,8.174283721018583e-07
pb3,9,14,2.6866500775213353e-05,8.174283721018583e-07
pb3,9,15,2.6866500775213353e-05,8.174283721018583e-07
pb3,9,16,2.6866500775213353e-05,8.174283721018583e-07
pb3,9,17,2.6866500775213353e-05,8.174283721018583e-07
pb3,9,18,2.6866500775213353e-05,8.174283721018583e-07
pb3,9,19,2.6866500775213353e-05,8.174283721018583e-07
pb3,9,20,2.6866500775213353e-05,8.174283721018583e-07
pb3,10,1,0.0031185491561700474,0.005362254615647544
pb3,10,2,0.0014910404333932092,6.729456981702242e-05
pb3,10,3,0.00022608455947192851,8.884144335752353e-07
pb3,10,4,8.78596174516133e-05,8.884144335752353e-07
pb3,10,5,6.849657256680075e-05,8.884144335752353e-07
pb3,10,6,4.8844527555047534e-05,8.884144335752353e-07
pb3,10,7,4.2690324335126206e-05,8.884144335752353e-07
pb3,10,8,3.812482827925123e-05,8.884144335752353e-07
pb3,10,9,2.844065511453664e-05,8.884144335752353e-07
pb3,10,10,2.844065511453664e-05,8.884144335752353e-07
pb3,10,11,2.844065511453664e-05,8.884144335752353e-07
pb3,10,12,2.844065511453664e-05,8.884144335752353e-07
pb3,10,13,2.844065511453664e-05,8.884144335752353e-07
pb3,10,14,2.844065511453664e-05,8.884144335752353e-07
pb3,10,15,2.844065511453664e-05,8.884144335752353e-07
pb3,10,16,2.844065511453664e-05,8.884144335752353e-07
pb3,10,17,2.844065511453664e-05,8.884144335752353e-07
pb3,10,18,2.844065511453664e-05,8.884144335752353e-07
pb3,10,19,2.844065511453664e-05,8.884144335752353e-07
pb3,10,20,2.844065511453664e-05,8.884144335752353e-07
pb4,1,1,0.006757322775229113,1.5077400350746757
pb4,1,2,0.0027640634898489225,0.8014858410751913
pb4,1,3,0.0017755211611074628,0.616794338062391
pb4,1,4,0.0008376098339795135,0.005574047372647328
pb4,1,5,0.00044116743265476543,0.00031023162773635704
pb4,1,6,0.0003228948307878454,0.00027660870910040103
pb4,1,7,0.00031686839793110266,0.00022776203877583612
pb4,1,8,0.0002976765763378353,0.0001508327986812219
pb4,1,9,0.00028630757424252806,1.0976124031003565e-05
pb4,1,10,0.00026963339132635156,5.076353772892617e-06
pb4,1,11,0.0002598681339804898,5.076353772892617e-06
pb4,1,12,0.00023628136659681331,5.076353772892617e-06
pb4,1,13,0.00022386999808077235,5.076353772892617e-06
pb4,1,14,0.00022386999808077235,5.076353772892617e-06
pb4,1,15,0.00022386999808077235,5.076353772892617e-06
pb4,1,16,0.00022386999808077235,5.076353772892617e-06
pb4,1,17,0.00022386999808077235,5.076353772892617e-06
pb4,1,18,0.00022386999808077235,5.076353772892617e-06
pb4,1,19,0.00022386999808077235,5.076353772892617e-06
pb4,1,20,0.00022386999808077235,5.076353772892617e-06
pb4,2,1,0.007015440049144672,1.5035085941353827
pb4,2,2,0.004693461523856968,0.7256145182473119
pb4,2,3,0.0021630548199027544,0.007933923238852003
pb4,2,4,0.0009406558765476802,0.00034820311338989995
pb4,2,5,0.0007149544780986616,0.00031055990621098317
pb4,2,6,0.0005559903920584475,0.00025831374932749895
pb4,2,7,0.00042697685421444476,0.00017592655694897985
pb4,2,8,0.0004187244949207525,4.3427080527180806e-05
pb4,2,9,0.00027441599650046555,5.0451490096747875e-06
pb4,2,10,0.00026481836175662465,5.0451490096747875e-06
pb4,2,11,0.00025532151812512893,5.0451490096747875e-06
pb4,2,12,0.00022331978107104078,5.0451490096747875e-06
pb4,2,13,0.00021901100262766704,5.0451490096747875e-06
pb4,2,14,0.00021901100262766704,5.0451490096747875e-06
pb4,2,15,0.00021901100262766704,5.0451490096747875e-06
pb4,2,16,0.00021901100262766704,5.0451490096747875e-06
pb4,2,17,0.00021901100262766704,5.0451490096747875e-06
pb4,2,18,0.00021901100262766704,5.0451490096747875e-06
pb4,2,19,0.00021901100262766704,5.0451490096747875e-06
pb4,2,20,0.00021901100262766704,5.0451490096747875e-06
pb4,3,1,0.006773152723326348,1.4940325578263582
pb4,3,2,0.004254034786754346,0.7325486624085897
pb4,3,3,0.0017859686831798172,0.5066215370534337
pb4,3,4,0.0008850820431689499,0.005564746251366159
pb4,3,5,0.0005044910449214512,0.0002720712418522453
pb4,3,6,0.0003601728521971381,0.0002354045591346221
pb4,3,7,0.00034898855392384576,0.00020036596833961084
pb4,3,8,0.0003259868735767668,0.00012796474493370624
pb4,3,9,0.00031295550070353784,2.1989827473589685e-05
pb4,3,10,0.0002529467283238773,4.845773219130933e-06
pb4,3,11,0.00024239808226411697,4.845773219130933e-06
pb4,3,12,0.0002250994075438939,4.845773219130933e-06
pb4,3,13,0.00020188277085253503,4.845773219130933e-06
pb4,3,14,0.00019803429404419148,4.845773219130933e-06
pb4,3,15,0.00019803429404419148,4.845773219130933e-06
pb4,3,16,0.00019803429404419148,4.845773219130933e-06
pb4,3,17,0.00019803429404419148,4.845773219130933e-06
pb4,3,18,0.00019803429404419148,4.845773219130933e-06
pb4,3,19,0.00019803429404419148,4.845773219130933e-06
pb4,3,20,0.00019803429404419148,4.845773219130933e-06
pb4,4,1,0.006867308921755466,1.4870272407515586
pb4,4,2,0.004472774025089166,0.7942373269106611
pb4,4,3,0.002252579252854048,0.6182582144820117
pb4,4,4,0.0011039230212190887,0.006189748806718853
pb4,4,5,0.0010547782130743144,0.0003216548784621409
pb4,4,6,0.0005713872587875812,0.0002916631010521087
pb4,4,7,0.0004532620378085994,0.0002437148914395948
pb4,4,8,0.00031760539877723204,0.00014391085824172478
pb4,4,9,0.00029511207048926735,1.1890359019162133e-05
pb4,4,10,0.00027983086965832626,5.190122465137392e-06
pb4,4,11,0.0002709376403799979,5.190122465137392e-06
pb4,4,12,0.0002458927410771139,5.190122465137392e-06
pb4,4,13,0.0002416467805232969,5.190122465137392e-06
pb4,4,14,0.00022324410110741155,5.190122465137392e-06
pb4,4,15,0.00021789080346934497,5.190122465137392e-06
pb4,4,16,0.00020531387963274028,5.190122465137392e-06
pb4,4,17,0.0001996609435082064,5.190122465137392e-06
pb4,4,18,0.0001873499486464425,5.190122465137392e-06
pb4,4,19,0.00018081725193042075,5.190122465137392e-06
pb4,4,20,0.0001733117633193615,5.190122465137392e-06
pb4,5,1,0.0076425377828854835,1.383863121262948
pb4,5,2,0.003689494961690798,0.7511743753548217
pb4,5,3,0.0021615043515339494,0.007721138657871052
pb4,5,4,0.0010054285239675664,0.00030770755711273523
pb4,5,5,0.0007274499221239239,0.00025838996680249693
pb4,5,6,0.0006402643721230561,0.00021814152660226682
pb4,5,7,0.0005916662821618957,0.00015865274144744035
pb4,5,8,0.0004467761318664998,4.633798380382359e-05
pb4,5,9,0.00027991915158054326,4.997403266315814e-06
pb4,5,10,0.00026090286610269686,4.997403266315814e-06
pb4,5,11,0.000249329614234739,4.997403266315814e-06
pb4,5,12,0.000234835554692836,4.997403266315814e-06
pb4,5,13,0.00022189481751411222,4.997403266315814e-06
pb4,5,14,0.00019844235339405714,4.997403266315814e-06
pb4,5,15,0.00019844235339405714,4.997403266315814e-06
pb4,5,16,0.00019844235339405714,4.997403266315814e-06
pb4,5,17,0.00019844235339405714,4.997403266315814e-06
pb4,5,18,0.00019844235339405714,4.997403266315814e-06
pb4,5,19,0.00019844235339405714,4.997403266315814e-06
pb4,5,20,0.00019844235339405714,4.997403266315814e-06
pb4,6,1,0.007114645993169688,1.492417320995628
pb4,6,2,0.0044679921156784985,0.7057170118914655
pb4,6,3,0.0024170056531147566,0.5458015557742328
pb4,6,4,0.001536973679321818,0.005048082076427818
pb4,6,5,0.0009672491005403572,0.0002748148763203062
pb4,6,6,0.0006120244770499994,0.0002384818753853324
pb4,6,7,0.00031912109079712536,0.0001924841562868096
pb4,6,8,0.00030864526979712537,0.00012886608419648837
pb4,6,9,0.00030258161223173374,2.263683381897863e-05
pb4,6,10,0.0002669458053787821,5.089894330012612e-06
pb4,6,11,0.00026373409764346434,5.089894330012612e-06
pb4,6,12,0.00024786633821349824,5.089894330012612e-06
pb4,6,13,0.00023057446469465503,5.089894330012612e-06
pb4,6,14,0.00023057446469465503,5.089894330012612e-06
pb4,6,15,0.00023057446469465503,5.089894330012612e-06
pb4,6,16,0.00023057446469465503,5.089894330012612e-06
pb4,6,17,0.00023057446469465503,5.089894330012612e-06
pb4,6,18,0.00023057446469465503,5.089894330012612e-06
pb4,6,19,0.00023057446469465503,5.089894330012612e-06
pb4,6,20,0.00023057446469465503,5.089894330012612e-06
pb4,7,1,0.006770430760298041,1.461050700384476
pb4,7,2,0.0037774919055664213,0.6703684736021387
pb4,7,3,0.00150204049077729,0.5480413951863738
pb4,7,4,0.0013190433483032393,0.004478519763324584
pb4,7,5,0.0005360395489333314,0.0002443890552967787
pb4,7,6,0.00043031163568230113,0.000205912909223116
pb4,7,7,0.0004219100710542989,0.00017102995752793504
pb4,7,8,0.0002887699483835604,0.000129712997477327
pb4,7,9,0.0002750543717411347,2.2721224013366736e-05
pb4,7,10,0.0002710746575758094,5.067340680398047e-06
pb4,7,11,0.00024933319218689576,5.067340680398047e-06
pb4,7,12,0.00022444788646680536,5.067340680398047e-06
pb4,7,13,0.00021494510383490706,5.067340680398047e-06
pb4,7,14,0.00021494510383490706,5.067340680398047e-06
pb4,7,15,0.00021494510383490706,5.067340680398047e-06
pb4,7,16,0.00021494510383490706,5.067340680398047e-06
pb4,7,17,0.00021494510383490706,5.067340680398047e-06
pb4,7,18,0.00021494510383490706,5.067340680398047e-06
pb4,7,19,0.00021494510383490706,5.067340680398047e-06
pb4,7,20,0.00021494510383490706,5.067340680398047e-06
pb4,8,1,0.00672328969812952,1.3921875954456482
pb4,8,2,0.004289129004973802,0.00844864837017667
pb4,8,3,0.002346592050344043,0.0003819830653810641
pb4,8,4,0.0012139310720158392,0.0003349517719470896
pb4,8,5,0.0010084186624226277,0.00028776205635949736
pb4,8,6,0.0007282023207153543,0.00020334644887043396
pb4,8,7,0.00045227891496324446,5.7655645832710434e-05
pb4,8,8,0.0003681134248836315,5.367397534428164e-06
pb4,8,9,0.00031943215435603634,5.367397534428164e-06
pb4,8,10,0.00029205448663560674,5.367397534428164e-06
pb4,8,11,0.00027492067601997405,5.367397534428164e-06
pb4,8,12,0.00026392027393740136,5.367397534428164e-06
pb4,8,13,0.00024639801540615736,5.367397534428164e-06
pb4,8,14,0.00024639801540615736,5.367397534428164e-06
pb4,8,15,0.00024639801540615736,5.367397534428164e-06
pb4,8,16,0.00024639801540615736,5.367397534428164e-06
pb4,8,17,0.00024639801540615736,5.367397534428164e-06
pb4,8,18,0.00024639801540615736,5.367397534428164e-06
pb4,8,19,0.00024639801540615736,5.367397534428164e-06
pb4,8,20,0.00024639801540615736,5.367397534428164e-06
pb4,9,1,0.0075717650670412695,1.4522079649168518
pb4,9,2,0.004123334253563371,0.6689484653970794
pb4,9,3,0.002261923970763746,0.5486606197810033
pb4,9,4,0.0011212638992219581,0.004637188809283543
pb4,9,5,0.000577226444875123,0.00022125599207356572
pb4,9,6,0.00046680191735504195,0.0001914376025524689
pb4,9,7,0.0003970724646933377,0.0001587426404512371
pb4,9,8,0.0002669978830454056,0.00011785614424297819
pb4,9,9,0.0002591596530692186,2.2277343305177055e-05
pb4,9,10,0.00023750874970573932,4.777078174811322e-06
pb4,9,11,0.00023157783743954496,4.777078174811322e-06
pb4,9,12,0.00021431325967569137,4.777078174811322e-06
pb4,9,13,0.00019880073159583844,4.777078174811322e-06
pb4,9,14,0.00019880073159583844,4.777078174811322e-06
pb4,9,15,0.00019880073159583844,4.777078174811322e-06
pb4,9,16,0.00019880073159583844,4.777078174811322e-06
pb4,9,17,0.00019880073159583844,4.777078174811322e-06
pb4,9,18,0.00019880073159583844,4.777078174811322e-06
pb4,9,19,0.00019880073159583844,4.777078174811322e-06
pb4,9,20,0.00019880073159583844,4.777078174811322e-06
pb4,10,1,0.005922487875977822,1.4784156424284447
pb4,10,2,0.003069831539505685,0.7237725008726557
pb4,10,3,0.0019817490665445803,0.008144755414832616
pb4,10,4,0.0010735482701420551,0.0003180576777594979
pb4,10,5,0.0007100887614797102,0.0002687799114937661
pb4,10,6,0.0006526529487018706,0.00023106092794478172
pb4,10,7,0.0005020973549108021,0.00017320216920779785
pb4,10,8,0.000321672575410048,4.622003689291887e-05
pb4,10,9,0.0003030542720807716,5.1080123739666305e-06
pb4,10,10,0.0002874723968488979,5.1080123739666305e-06
pb4,10,11,0.0002603083758003777,5.1080123739666305e-06
pb4,10,12,0.0002475924929967732,5.1080123739666305e-06
pb4,10,13,0.00023686956592428032,5.1080123739666305e-06
pb4,10,14,0.00020671936999860918,5.1080123739666305e-06
pb4,10,15,0.00020324975048424676,5.1080123739666305e-06
pb4,10,16,0.0001828586637202534,5.1080123739666305e-06
pb4,10,17,0.000177794690898736,5.1080123739666305e-06
pb4,10,18,0.00016882011459529167,5.1080123739666305e-06
pb4,10,19,0.00016882011459529167,5.1080123739666305e-06
pb4,10,20,0.00016882011459529167,5.1080123739666305e-06
